{
  "project_info": {
    "project_number": "255004398872",
    "project_id": "santillana-app",
    "storage_bucket": "santillana-app.appspot.com"
  },
  "client": [
    {
      "client_info": {
        "mobilesdk_app_id": "1:255004398872:android:1c6505b5141d1f80d4fa6d",
        "android_client_info": {
          "package_name": "com.basicapp.jidadesarrollos"
        }
      },
      "oauth_client": [
        {
          "client_id": "255004398872-tlsgohf8o426kjeu5j0k77kgdon70127.apps.googleusercontent.com",
          "client_type": 1,
          "android_info": {
            "package_name": "com.basicapp.jidadesarrollos",
            "certificate_hash": "919adcb5b6c9a8fc19470e1568762f6d486ba3fc"
          }
        },
        {
          "client_id": "255004398872-96vujshq346mfcgcvi1jmh9h94f1av5r.apps.googleusercontent.com",
          "client_type": 3
        }
      ],
      "api_key": [
        {
          "current_key": "AIzaSyDharG9dgTHLAnFwugVpMgadIrGQlMRUgg"
        }
      ],
      "services": {
        "appinvite_service": {
          "other_platform_oauth_client": [
            {
              "client_id": "255004398872-96vujshq346mfcgcvi1jmh9h94f1av5r.apps.googleusercontent.com",
              "client_type": 3
            },
            {
              "client_id": "255004398872-mh9s78s0mm4a0vdakpv1uvhrjivk92nh.apps.googleusercontent.com",
              "client_type": 2,
              "ios_info": {
                "bundle_id": "com.jidadesarrollos.basicapp",
                "app_store_id": "1591495458"
              }
            }
          ]
        }
      }
    },
    {
      "client_info": {
        "mobilesdk_app_id": "1:255004398872:android:ccb7b560a13e0f12d4fa6d",
        "android_client_info": {
          "package_name": "com.jida.qchapp"
        }
      },
      "oauth_client": [
        {
          "client_id": "255004398872-96vujshq346mfcgcvi1jmh9h94f1av5r.apps.googleusercontent.com",
          "client_type": 3
        }
      ],
      "api_key": [
        {
          "current_key": "AIzaSyDharG9dgTHLAnFwugVpMgadIrGQlMRUgg"
        }
      ],
      "services": {
        "appinvite_service": {
          "other_platform_oauth_client": [
            {
              "client_id": "255004398872-96vujshq346mfcgcvi1jmh9h94f1av5r.apps.googleusercontent.com",
              "client_type": 3
            },
            {
              "client_id": "255004398872-mh9s78s0mm4a0vdakpv1uvhrjivk92nh.apps.googleusercontent.com",
              "client_type": 2,
              "ios_info": {
                "bundle_id": "com.jidadesarrollos.basicapp",
                "app_store_id": "1591495458"
              }
            }
          ]
        }
      }
    },
    {
      "client_info": {
        "mobilesdk_app_id": "1:255004398872:android:c06671f2ba6c95bad4fa6d",
        "android_client_info": {
          "package_name": "com.santillana.mentoraapp"
        }
      },
      "oauth_client": [
        {
          "client_id": "255004398872-96vujshq346mfcgcvi1jmh9h94f1av5r.apps.googleusercontent.com",
          "client_type": 3
        }
      ],
      "api_key": [
        {
          "current_key": "AIzaSyDharG9dgTHLAnFwugVpMgadIrGQlMRUgg"
        }
      ],
      "services": {
        "appinvite_service": {
          "other_platform_oauth_client": [
            {
              "client_id": "255004398872-96vujshq346mfcgcvi1jmh9h94f1av5r.apps.googleusercontent.com",
              "client_type": 3
            },
            {
              "client_id": "255004398872-mh9s78s0mm4a0vdakpv1uvhrjivk92nh.apps.googleusercontent.com",
              "client_type": 2,
              "ios_info": {
                "bundle_id": "com.jidadesarrollos.basicapp",
                "app_store_id": "1591495458"
              }
            }
          ]
        }
      }
    },
    {
      "client_info": {
        "mobilesdk_app_id": "1:255004398872:android:5d825e6f26a56bf4d4fa6d",
        "android_client_info": {
          "package_name": "com.xapp.jidadesarrollos"
        }
      },
      "oauth_client": [
        {
          "client_id": "255004398872-rt8h5goph1kn33h6va6oj7arr656n9ju.apps.googleusercontent.com",
          "client_type": 1,
          "android_info": {
            "package_name": "com.xapp.jidadesarrollos",
            "certificate_hash": "919adcb5b6c9a8fc19470e1568762f6d486ba3fc"
          }
        },
        {
          "client_id": "255004398872-96vujshq346mfcgcvi1jmh9h94f1av5r.apps.googleusercontent.com",
          "client_type": 3
        }
      ],
      "api_key": [
        {
          "current_key": "AIzaSyDharG9dgTHLAnFwugVpMgadIrGQlMRUgg"
        }
      ],
      "services": {
        "appinvite_service": {
          "other_platform_oauth_client": [
            {
              "client_id": "255004398872-96vujshq346mfcgcvi1jmh9h94f1av5r.apps.googleusercontent.com",
              "client_type": 3
            },
            {
              "client_id": "255004398872-mh9s78s0mm4a0vdakpv1uvhrjivk92nh.apps.googleusercontent.com",
              "client_type": 2,
              "ios_info": {
                "bundle_id": "com.jidadesarrollos.basicapp",
                "app_store_id": "1591495458"
              }
            }
          ]
        }
      }
    }
  ],
  "configuration_version": "1"
}